ra,dec,Instrument,Source,SIMBAD_Name,Source_Type
311.0407,-10.723457000000002,sxt, Mrk 509,Mrk  509,Seyfert_1
308.063667,37.637471999999995,sxt, EXO 2030+375,V* V2246 Cyg,HMXB
274.005787,-14.036283,laxpc2, GX 17+2,V* NP Ser,LMXB
248.506708,-47.393,laxpc1, 4u1630-472,X Nor X-1,LMXB
356.77015,51.70497,laxpc1, 1ES2344+514,QSO B2344+514,BLLac
237.370539,47.104903,laxpc1, Sky-9_75_50,0.0,0.0
83.633083,22.014494,sxt, Crab,M   1,SNR
237.370539,47.104903,laxpc1, Sky-9_75_50,0.0,0.0
83.633083,22.014494,sxt, Crab,M   1,SNR
12.08,85.223917,uvit1, NGC 188,Cl* NGC  188    DGV     702,Star
83.633083,22.014494,laxpc2, Crab,M   1,SNR
23.461667000000002,30.726667,uvit2, M33,IFM-B 1049,Star
248.506708,-47.393,laxpc1, 4u1630-472,X Nor X-1,LMXB
254.457542,35.342333,laxpc1, Her X-1,V* HZ Her,LMXB
248.811667,38.1525,sxt, 4C +38.41,0.0,0.0
24.17395,15.783660000000001,uvit1, NGC628,[CHP2004] J013641.7+154701,X
254.457546,35.342357,uvit1, Hercules X-1,V* HZ Her,LMXB
12.08,85.223917,uvit1, NGC 188,Cl* NGC  188    DGV     702,Star
254.457542,35.342333,laxpc2, HER X-1,V* HZ Her,LMXB
57.604029000000004,17.246509,sxt, V471 Tau,V* V471 Tau,EB*
248.811667,38.1525,sxt, 4C +38.41,0.0,0.0
267.60175,-29.037611,sxt, SAX 1750.8-2009,SAX J1750.8-2900,LMXB
26.012292000000002,61.888971999999995,uvit1, NGC 654(2),EM* GGA   83,Be*
294.998792,-30.96475,uvit2, NGC 6809,M  55,GlCl
332.880708,18.092833,uvit2, BD+17 4708,BD+17  4708,SB*
340.611792,-50.066917,uvit2, HE 2239-5019,HE 2239-5019,Pec*
39.960829,18.024279999999997,uvit1, NGC 1030,NGC  1030,GinGroup
322.680792,-60.001830000000005,uvit1, IC 5110,IC 5110,IG
322.680792,-60.001830000000005,uvit1, IC 5110,IC 5110,IG
310.463163,-32.43523,sxt, AT Mic,V* AT Mic,Eruptive*
69.95683299999999,-68.150389,uvit1, RX J0439.8-6809,1ES 0439-68.2,CataclyV*
83.633208,22.01446,sxt, Crab,M   1,SNR
316.7575,42.236111,uvit1, NGC 7027,NGC  7027,PN
314.637079,-49.28472,uvit1, ESO235-IG023,MCL 26 205503.0-492842,GroupG
312.258667,30.404971999999997,uvit1, NGC 6960-IV,0.0,0.0
311.885958,30.741139,uvit1, NGC 6960-V,TYC 2687-2493-1,Star
312.426,29.988861,uvit1, NGC 6960-VI,0.0,0.0
312.791042,30.071333000000003,uvit1, NGC 6960-VII,0.0,0.0
312.258667,30.404971999999997,uvit1, NGC 6960-IV,0.0,0.0
312.881625,29.067721999999996,uvit1, Cygnus S-1,0.0,0.0
311.885958,30.741139,uvit1, NGC 6960-V,TYC 2687-2493-1,Star
312.426,29.988861,uvit1, NGC 6960-VI,0.0,0.0
284.148642,-37.91015,sxt, RX J1856.6-3754,PSR J1856-3754,Pulsar
83.633208,22.01446,sxt, Crab,M   1,SNR
83.428,22.015,czt1, Crab Offset,[SPB96]  854,UV
359.253083,-34.680539,uvit1, Abell4059,ESO 349-9,GinCl
359.782958,-30.627969,sxt, 1H 2354-315,QSO B2356-309,BLLac
290.884121,-21.07593,sxt, PMN J1923-2104,[VV2006] J192332.2-210433,QSO
65.001675,-54.937938,sxt, NGC1566,NGC  1566,Seyfert_1
237.391917,70.348089,laxpc1, Blank Sky-8,0.0,0.0
174.11,70.1575,sxt, Mrk 180,6C 113337+702604,BLLac
174.11,70.1575,sxt, Mrk 180,6C 113337+702604,BLLac
333.879167,-17.734722,sxt, XMMBlankF8,LBQS 2212-1759,QSO
2.4699169999999997,-18.270139,uvit2, HE 0007-1832,HE 0007-1832,Pec*
2.4699169999999997,-18.270139,uvit2, HE 0007-1832,HE 0007-1832,Pec*
63.938042,-55.59225,uvit1, NGC 1549,NGC  1549,GinPair
63.938042,-55.59225,uvit1, NGC 1549,NGC  1549,GinPair
63.938042,-55.59225,uvit1, NGC 1549,NGC  1549,GinPair
64.476458,-55.93289,uvit1, IC 2058,IC 2058,EmG
64.476458,-55.93289,uvit1, IC 2058,IC 2058,EmG
64.476458,-55.93289,uvit1, IC 2058,IC 2058,EmG
64.04362900000001,-55.78014,uvit1, NGC 1553,NGC  1553,GinPair
64.04362900000001,-55.78014,uvit1, NGC 1553,NGC  1553,GinPair
6.022329,-72.08144399999999,uvit1, 47 Tuc,PSR J0024-7204V,Pulsar
356.757079,29.471109999999996,uvit1, arp86,APG  86,PairG
355.637292,-65.9565,uvit1, NGC 7733,NGC  7733,Seyfert_2
351.340621,28.495209999999997,uvit1, UGC 12591,UGC 12591,Galaxy
24.35625,-64.89639,uvit1, NGC 0646,NGC   646,IG
58.239625,-68.521333,sxt, PKS 0352-686,2MASX J03525755-6831167,BLLac
351.340621,28.495209999999997,uvit1, UGC 12591,UGC 12591,Galaxy
83.633083,22.0145,czt1, Crab,M   1,SNR
15.3725,-70.486583,uvit1, SMC_Shell_3,SSTISAGEMA J010128.30-702836.9,Star
16.168332999999997,-71.225083,uvit1, SMC_Shell_4,2MASS J01044151-7113377,Candidate_RGB*
17.05375,-70.969139,uvit1, SMC_Shell_5,SSTISAGEMA J010816.88-705816.3,Star
18.268333,-71.038389,uvit1, SMC_Shell_7,SSTISAGEMA J011304.98-710148.1,Candidate_RGB*
24.35625,-64.89639,uvit1, NGC 0646,NGC   646,IG
58.239625,-68.521333,sxt, PKS 0352-686,2MASX J03525755-6831167,BLLac
100.56472099999999,75.62573,uvit1, UGCA130,Mrk    5,HII_G
9.808417,40.9869,uvit1, M31 Field No. 17,XMMM31 J003913.0+405850,X
9.993958000000001,40.628717,uvit1, M31 Field No. 14,EV* M31 V0144,V*
10.193625,40.250211,uvit1, M31 Field No. 19,XMMM31 J004045.8+401521,X
10.510083,40.557781,uvit1, M31 Field No. 16,2MASS J00420178+4033086,Star
135.528583,-40.554694,laxpc1, Vela X-1,V* GP Vel,HMXB
53.458332999999996,-27.966666999999998,uvit2, CDFS03,0.0,0.0
160.990421,11.70381,uvit1, NGC 3351,M  95,GinPair
160.990421,11.70381,uvit1, NGC 3351,M  95,GinPair
341.835079,-65.05872,uvit1, IC 5250,IC 5250,IG
9.421279,-33.716331,uvit1, Cartwheel,NAME Cartwheel,Galaxy
9.476917,40.683486,uvit1, M31 Field No. 18,0.0,0.0
9.801542,40.288367,uvit1, M31 Field No. 15,[DMM2009] J003913.88+401657.1,Star
84.429171,-70.57083,uvit1, RX J0537.7-7034,RX J0537.6-7033,XB
8.406667,28.739167,uvit1, AGC 102983,AGC 102983,Galaxy
147.37625,55.579719999999995,uvit1, Mrk22,Mrk   22,Seyfert_1
335.029167,58.12805600000001,uvit1, NGC 7261,NGC  7261,OpCl
138.010125,-64.8684,laxpc1, MAXI J0911-655,SWIFT J0911.9-6452,X
128.836062,-45.176432,laxpc1, Vela Pulsar,NAME Vela Pulsar,Pulsar
12.913333,-72.28433299999999,uvit1, Swift J005139.2-721704,SXP 4.78,HMXB
140.3958,-31.445,sxt, 4U 0923-31,4U 0923-31,X
85.127083,69.37844399999999,uvit1, NGC 1961,0.0,0.0
138.010125,-64.8684,laxpc1, MAXI J0911-655,SWIFT J0911.9-6452,X
237.391917,70.348089,laxpc2, Blank Sky-8,0.0,0.0
350.049167,22.401944,uvit1, AGC 334315 (originally T0,AGC 334315,LSB_G
10.510083,40.557781,uvit1, M31 Field No. 16,2MASS J00420178+4033086,Star
9.476917,40.683486,uvit1, M31 Field No. 18,0.0,0.0
9.801542,40.288367,uvit1, M31 Field No. 15,[DMM2009] J003913.88+401657.1,Star
53.458332999999996,-27.966666999999998,uvit2, CDFS03,0.0,0.0
304.924083,28.5588,ssm, SSM1_Crab,0.0,0.0
7.4875419999999995,32.893678,uvit1, MRK 950,NAME AT 2016fnl,Transient
53.123692000000005,-27.735364,uvit1, AUDISGOODSS,EIS-DEEP CDFS-1 J 1  171,Star
20.786033,34.346821999999996,sxt, 1es 0120+340,4FGL J0123.1+3421,BLLac
178.342971,-11.08683,uvit1, PKS J1153-1105,QSO B1150-1048,QSO
20.786033,34.346821999999996,sxt, 1es 0120+340,4FGL J0123.1+3421,BLLac
53.123692000000005,-27.735364,uvit1, AUDISGOODSS,EIS-DEEP CDFS-1 J 1  171,Star
53.25,-28.257778000000002,uvit1, DEVILS-CDFS2,0.0,0.0
94.092042,-21.372722,uvit1, NGC 2207,NGC  2207,IG
102.24754200000001,-36.005306,uvit1, NGC 2298,NGC  2298,GlCl
119.92425,-38.732222,uvit1, SWIFT J0759.8-3844,2MASS J07594181-3843560,Seyfert_1
139.470458,-22.354670000000002,uvit1, NGC2835,NGC  2835,EmG
147.177558,50.49198,uvit2, Mrk 124,Mrk  124,Seyfert_1
170.06235,12.991539999999999,uvit1, NGC 3627,M  66,GinPair
85.127083,69.37844399999999,uvit1, NGC 1961,0.0,0.0
9.421279,-33.716331,uvit1, Cartwheel,NAME Cartwheel,Galaxy
8.406667,28.739167,uvit1, AGC 102983,AGC 102983,Galaxy
335.029167,58.12805600000001,uvit1, NGC 7261,NGC  7261,OpCl
346.181158,-8.68573,sxt, MCG-2-58-22,Mrk  926,Seyfert_1
132.825,11.8,uvit1, M67,NGC  2682,OpCl
186.6565,-62.77035,laxpc2, GX 301-2,V* BP Cru,HMXB
139.00620800000002,-36.627056,uvit1, NGC 2818,NGC  2818,PN
346.181158,-8.68573,sxt, MCG-2-58-22,Mrk  926,Seyfert_1
168.437083,-30.713333000000002,uvit1, HE 1111-3026,UCAC4 297-066269,Pec*
168.72,55.033333,uvit1, NGC 3587,RX J111450.9+550208,X
192.063458,17.774010999999998,uvit1, SDSS J124815+174626,LEDA   43234,Galaxy
350.85,58.815,sxt, Cas A,NAME Cas A,SNR
135.528583,-40.554694,laxpc1, Vela X-1,V* GP Vel,HMXB
83.63308,22.0145,czt1,Crab,M   1,SNR
147.37625,55.579719999999995,uvit1, Mrk22,Mrk   22,Seyfert_1
183.88720800000002,36.283611,uvit1, NGC 4228,SDSS J121532.93+361701.0,low-mass*
147.177558,50.49198,uvit2, Mrk 124,Mrk  124,Seyfert_1
53.458332999999996,-27.966666999999998,uvit2, CDFS03,0.0,0.0
149.386908,33.61973,uvit1, IC2524,[BKD2008] WR 402,PartofG
7.4875419999999995,32.893722,uvit1, MRK 950,NAME AT 2016fnl,Transient
140.409708,33.360647,uvit2, A779,SDSS J092142.96+332151.3,Galaxy
160.879583,24.922222,uvit1, NGC3344,[TSK2008] 278,GroupG
196.05991699999998,-10.3396,uvit1, NGC 4939,[TSK2008] 90,GroupG
172.200942,58.128331,uvit1, SDSS J112848.22+580741.9,SDSS J112848.22+580741.9,Star
12.08,85.223917,uvit1, NGC 188,Cl* NGC  188    DGV     702,Star
153.722833,-15.931444,uvit1, HE 1012-1540,HE 1012-1540,Pec*
153.722833,-15.931444,uvit1, HE 1012-1540,HE 1012-1540,Pec*
171.11465800000002,36.841338,uvit1, BPS BS 16545-0089,BPS BS 16545-0089,Pec*
171.11465800000002,36.841338,uvit1, BPS BS 16545-0089,BPS BS 16545-0089,Pec*
149.191917,28.8288,uvit1, DDO 68,UGC  5340,Galaxy
53.819120999999996,-35.22625,uvit1, NGC 1374,NGC  1374,GinPair
192.270833,43.095,uvit1, KISSR1381,KISS F1246-148,EmG
208.258333,42.970556,uvit1, KISSR1667/1671*,SDSS J135259.95+425729.3,QSO
51.17125,34.179444000000004,uvit1, 1h0323+342_1,QSO J0324+3410,BLLac
51.038458,34.069371999999994,uvit1, 1h0323+342_2,0.0,0.0
51.304208,34.179372,uvit1, 1h0323+342_3,1SWASP J032515.17+341031.6,V*
51.038292,34.179372,uvit1, 1h0323+342_4,0.0,0.0
51.304375,34.289372,uvit1, 1h0323+342_5,0.0,0.0
51.038125,34.289372,uvit1, 1h0323+342_6,0.0,0.0
51.17125,34.069444,uvit1, 1h0323+342_7,0.0,0.0
51.17125,34.289444,uvit1, 1h0323+342_8,0.0,0.0
51.304041999999995,34.069371999999994,uvit1, 1h0323+342_9,0.0,0.0
166.11375,38.208889,sxt, Mkn 421,Mrk  421,BLLac
78.52816700000001,-40.046556,uvit1, NGC 1851,NGC  1851,GlCl
86.757871,-34.250609999999995,uvit1, ngc2090,NGC  2090,GinGroup
18.593871,-55.398709999999994,uvit1, NGC 0454,NGC   454,PairG
90.19976700000001,-39.918583,uvit1, JW108,2MASX J06004799-3955068,EmG
185.341421,30.176975,sxt, 1ES 1218+304,QSO B1218+304,BLLac
169.2275,18.051667000000002,uvit1, NGC3607,[VV2006] J111654.8+180304,QSO
25.36975,83.583028,uvit1, GD419,GD 419,WD*
74.69275,29.843583000000002,uvit1, HD 31648,HD  31648,Ae*
84.429171,-70.57083,uvit1, RX J0537.7-7034,RX J0537.6-7033,XB
148.888221,69.06529,uvit1, M81,M  81,Seyfert_2
51.17125,34.179444000000004,sxt, 1H 0323+342,QSO J0324+3410,BLLac
12.08,85.223917,uvit1, NGC 188,Cl* NGC  188    DGV     702,Star
194.268,-30.375053,uvit1, Abell3530,2MASX J12570425-3022305,Seyfert_2
83.633083,22.0145,czt1, Crab,M   1,SNR
52.669957999999994,-50.30961,uvit1, NGC1356,NGC  1356,IG
36.820329,33.57917,uvit1, NGC 0925,NAME NGC 925 Group,GroupG
53.12370799999999,-27.735364,uvit1, AUDFLs,EIS-DEEP CDFS-1 J 1  171,Star
237.391917,70.348089,laxpc1, Blank Sky-8,0.0,0.0
51.17125,34.179444000000004,sxt, 1H 0323+342,QSO J0324+3410,BLLac
211.823,6.446,uvit1, SGW_d_01,SDSS J140718.55+062637.4,Galaxy
106.5585,30.233444,uvit1, UGC 3672,0.0,0.0
51.571878999999996,-21.33522,uvit1, NGC 1332,[LB2005] NGC  1332 X1,X
188.584621,8.19775,uvit1, NGC 4535,NGC  4535,HII_G
188.46505,19.8866,uvit1, SDSS J123351.61+195311.8,SDSS J123351.60+195311.7,AGN
181.039125,20.347806,uvit1, NGC 4066,NGC  4066,GinGroup
192.063458,17.774010999999998,uvit1, SDSS J124815+174626,LEDA   43234,Galaxy
217.04525,13.55158,uvit1, UGC9273,[BKD2008] WR 378,PartofG
214.584258,7.592528999999999,uvit1, NGC5546offset,0.0,0.0
175.712375,20.442181,uvit2, A1367b,SDSS J114250.97+202631.8,Galaxy
186.22625,21.382278,sxt, PKS 1222+216,4C 21.35,QSO
186.668708,19.754389,uvit1, AGC 229361 (original T02),AGC 229361,Galaxy
12.08,85.223917,uvit1, NGC 188,Cl* NGC  188    DGV     702,Star
237.391917,70.348089,laxpc1, Blank Sky-8,0.0,0.0
51.17125,34.179444000000004,sxt, 1H 0323+342,QSO J0324+3410,BLLac
53.12370799999999,-27.735364,uvit1, AUDFLs,EIS-DEEP CDFS-1 J 1  171,Star
207.053042,-63.274111,laxpc1, MAXI J1348-630,MAXI J1348-630,Candidate_HMXB
53.12370799999999,-27.735364,uvit1, AUDFLs,EIS-DEEP CDFS-1 J 1  171,Star
118.8554,39.18615,uvit1, mrk 382,Mrk  382,Seyfert_1
207.053042,-63.274111,laxpc1, MAXI J1348-630,MAXI J1348-630,Candidate_HMXB
54.75233299999999,29.696,uvit1, V1185 Tau,V* V1185 Tau,Irregular_V*
180.79005800000002,44.53133,uvit1, NGC 4051,NGC  4051,Seyfert_1
100.72975,55.474233,uvit1, SU Lyn,V* SU Lyn,LPV*
198.230417,18.169167,uvit2, NGC 5024,Cl* NGC 5024    SAW V61,RRLyr
216.84514199999998,20.09704,uvit1, SDSS J142722.83+200549.4,2MASX J14272281+2005493,Seyfert_2
230.4125,29.125,uvit2, KISSR692/698*,SDSS J152140.04+290720.8,QSO
207.053042,-63.274111,laxpc1, MAXI J1348-630,MAXI J1348-630,Candidate_HMXB
225.5375,29.746111,uvit2, KISSR615,KISS F1500-4625,EmG
208.457083,-17.610556,uvit2, HE 1351-1721,UCAC4 362-065278,Star
128.127208,15.823942,sxt, FR Cnc,V* FR Cnc,BYDra
115.60375,-14.591806,uvit1, OH 231.8 +4.2,Gaia DR2 3029591762195067904,Star
122.81125,25.19306,uvit1, arp82,[KBE97] 5,HI
216.84514199999998,20.09704,uvit1, SDSS J142722.83+200549.4,2MASX J14272281+2005493,Seyfert_2
128.836062,-45.176432,laxpc1, Vela Pulsar,NAME Vela Pulsar,Pulsar
237.321667,21.828332999999997,uvit1, HCG77,LEDA   56125,GinPair
219.620833,33.335278,uvit2, KISSR2407,KISS G1437-3866,EmG
198.230417,18.169167,uvit2, NGC 5024,Cl* NGC 5024    SAW V61,RRLyr
218.475,42.653611,uvit2, KISSR1814*,SDSS J143358.56+423910.3,QSO
216.6375,43.854167,uvit2, KISSR1786,KISS F1424-1399,EmG
188.933333,42.856667,uvit2, KISSR1347*,0.0,0.0
209.649171,37.43889,uvit1, arp84,NOGG P1  754,GroupG
205.54677900000002,28.37545,uvit1, M3,Cl* NGC 5272    DSZ      20,BlueStraggler
204.15977900000001,20.542479999999998,uvit1, SDSS J133638.35+203232.9,2MASS J13363835+2032327,AGN
196.47008300000002,-38.516667,uvit2, HD 113679,HD 113679,PM*
194.300865,28.492365999999997,uvit1, NGC4841Aoffset,GMP 5025,Galaxy
183.913333,36.326944,uvit1, NGC4214,NGC  4228,StarburstG
237.391917,70.348089,laxpc1, Blank Sky-8,0.0,0.0
187.046258,44.09363,uvit1, NGC 4449,[GHG2001]  1,GlCl
154.403417,-46.412471999999994,uvit1, NGC 3201,NGC  3201,GlCl
154.403417,-46.412471999999994,uvit1, NGC 3201,NGC  3201,GlCl
135.528583,-40.554691999999996,laxpc2, Vela X1,V* GP Vel,HMXB
154.10215,37.91277,uvit1, KUG1013+381,LEDA   29998,EmG
250.445208,36.543611,uvit2, NGC 6205,NGC  6205   882,Star
203.974167,-34.295494,uvit1, SWIFT J1335.8-3416,ESO 383-35,Seyfert_1
135.528583,-40.554691999999996,laxpc2, Vela X1,V* GP Vel,HMXB
154.10215,37.91277,uvit1, KUG1013+381,LEDA   29998,EmG
250.445208,36.543611,uvit2, NGC 6205,NGC  6205   882,Star
212.633917,39.819878,uvit1, Target 1,0.0,0.0
195.040167,27.21375,uvit1, Coma1,BD+28  2172,Star
240.181667,31.17075,uvit1, GC50+48,0.0,0.0
212.280829,-45.28781,sxt, V834 Cen,V* V834 Cen,CataclyV*
288.799121,10.946019999999999,laxpc1, GRS 1915+105,Granat 1915+105,HMXB
152.388083,23.382167000000003,uvit1, SDSS J100933+232255,SDSS J100933.13+232255.7,LINER
292.065042,19.555978,sxt, WR 125,MR  93,WR*
170.261979,53.16956999999999,uvit1, NGC 3631,NGC  3631,IG
265.990969,19.585838,sxt, 1ES 1741+196,QSO B1741+196,BLLac
105.048125,-66.040028,uvit1, AT2019ahk,2MASX J07001137-6602251,Galaxy
255.203683,-41.655961,laxpc1, OAO 1657-415,NAME OAO 1657-41,HMXB
254.757,-15.257981,laxpc1, MAXI J1659-152,MAXI J1659-152,LMXB
267.383083,-28.134944,laxpc1, Swift J1749.4-2807,2XMM J174931.6-280805,LMXB
143.042121,21.50083,uvit1, NGC 2903,NGC  2905,HII_G
160.990421,11.70381,uvit2, NGC 3351,M  95,GinPair
262.082921,-14.26556,sxt, PDS 456,[YAZ2019] X1,Radio
314.69807099999997,41.776994,laxpc2, GRO J2058+42,GRO J2058+42,HMXB
262.082921,-14.26556,sxt, PDS 456,[YAZ2019] X1,Radio
247.46266699999998,39.766528,uvit2,UGC10420,UGC 10420,LINER
235.879167,44.0525,uvit2,KISSR2010,KISS F1541-1297,EmG
252.320833,59.919167,uvit1,draco_f1,IRAS F16485+6000,IR
237.391917,70.348089,laxpc1,Blank Sky-8,0.0,0.0
194.49879199999998,27.995972,uvit1,Coma6,LEDA   83707,GinCl
249.432875,29.727694,uvit1,GC50+40,0.0,0.0
253.467571,39.760169,sxt,Mrk 501,4C 39.49,BLLac
105.048083,-66.040028,uvit1,AT2019ahk,2MASX J07001137-6602251,Galaxy
166.113808,38.20883,sxt,Mrk421,Mrk  421,BLLac
246.608292,-72.268861,uvit1,NGC 6101,TYC 9282-2284-1,Star
233.738558,23.50314,uvit1,arp220,[SED98] APG 220NE,PartofG
195.839542,-62.223943999999996,uvit1,PDS 361S,IRAS 13002-6157,Candidate_Ae*
154.10215,37.91277,uvit1,KUG1013+381,LEDA   29998,EmG
12.08,85.223917,uvit1,NGC 188,Cl* NGC  188    DGV     702,Star
246.608292,-72.268861,uvit1,NGC 6101,TYC 9282-2284-1,Star
233.738558,23.50314,uvit1,arp220,[SED98] APG 220NE,PartofG
195.839542,-62.223943999999996,uvit1,PDS 361S,IRAS 13002-6157,Candidate_Ae*
192.7215,41.1202,uvit1,NGC 4736,M  94,Seyfert
308.107417,40.95775,sxt,Cyg X-3,V* V1521 Cyg,HMXB
180.472079,-18.87694,uvit1,arp244,CXOU J120153.3-185235,HMXB
309.78825,-30.755583,uvit1,2MASX J20390918-3045201,2MASX J20390918-3045201,Galaxy
251.44875,-45.611111,laxpc2,GX 340+0,4U 1642-45,LMXB
179.3668,-19.62406,uvit1,ISZ59,ESO 572-25,Galaxy
340.611792,-50.066917,uvit2,HE 2239-5019,HE 2239-5019,Pec*
270.38457900000003,-20.52889,sxt,GX 9+1,X Sgr X-3,LMXB
262.991671,-33.83528,laxpc1,4U 1728-34,NAME Gri 1,GlCl
264.742921,-44.45,laxpc1,4U 1735-44,V* V926 Sco,LMXB
220.530833,35.439721999999996,sxt,Mkn 478,Mrk  478,Seyfert_1
207.0535,-63.274611,laxpc1,MAXI J1348-630,MAXI J1348-630,Candidate_HMXB
275.091167,7.185639,uvit2,MAXI J1820+070,MAXI J1820+070,LMXB
332.88072900000003,18.092822,uvit1,BD+17 4708,BD+17  4708,SB*
341.835079,-65.05872,uvit1,IC 5250,IC 5250,IG
275.091417,7.1853,laxpc1,MAXI J1820+070,MAXI J1820+070,LMXB
194.28591699999998,28.362416999999997,uvit1,Coma3,[YKK2016] 684,LSB_G
185.0625,25.5,uvit1,AGC 229101 (originally T0,0.0,0.0
189.136292,11.258,uvit1,ngc4567,NGC  4567,GinPair
287.442079,-63.857530000000004,uvit1,NGC 6744,NGC  6744,GinGroup
288.798125,10.945767,sxt,GRS 1915+105,Granat 1915+105,HMXB
141.513721,12.73434,uvit2,Mrk 705,Mrk  705,Seyfert_1
310.307792,-38.19342,uvit1,ESO341-IG004,ESO 341-4,IG
305.74902099999997,-44.27153,uvit1,NGC 6902A,LEDA   64576,Galaxy
304.23875,-70.75833,uvit1,VV 297,[BHK2005] 275,GlCl
186.453592,33.546929999999996,uvit1,NGC 4395,[BKD2008] WR 469,PartofG
185.0625,25.5,uvit1,AGC 229101 (originally T0,0.0,0.0
287.442079,-63.857530000000004,uvit1,NGC 6744,NGC  6744,GinGroup
274.65666699999997,-52.215778,uvit1,NGC 6584,NGC  6584,GlCl
332.880708,18.092833,uvit2,BD+17 4708,BD+17  4708,SB*
270.38457900000003,-20.52889,sxt,GX 9+1,X Sgr X-3,LMXB
341.835079,-65.05872,uvit1,IC 5250,IC 5250,IG
197.175,44.098333000000004,uvit2,KISSR1462,KISS F1308-3035,EmG
211.18010800000002,54.892630000000004,uvit1,NGC5473,NGC  5473,GinGroup
201.245833,-43.126111,uvit1,CenA south middle lobe,[WRW2015] 1618,PN?
12.08,85.223917,uvit1,NGC 188,Cl* NGC  188    DGV     702,Star
237.391917,70.348089,laxpc1,Blank Sky-8,0.0,0.0
237.391917,70.348089,laxpc1,Blank Sky-8,0.0,0.0
236.5125,-37.786417,uvit1,NGC 5986,NGC  5986,GlCl
288.798121,10.945766,sxt,V1487 Aql,Granat 1915+105,HMXB
329.71693799999997,-30.225588000000002,sxt,PKS 2155-304,QSO B2155-304,BLLac
220.530833,35.439721999999996,sxt,Mkn 478,Mrk  478,Seyfert_1
251.44875,-45.611111,laxpc2,GX 340+0,4U 1642-45,LMXB
359.782958,-30.627969,sxt,1H 2354-315,QSO B2356-309,BLLac
265.990969,19.585838,sxt,1ES 1741+196,QSO B1741+196,BLLac
255.203683,-41.655961,laxpc1,OAO 1657-415,NAME OAO 1657-41,HMXB
346.181158,-8.68573,sxt,MCG-2-58-22,Mrk  926,Seyfert_1
135.528583,-40.554694,laxpc1,Vela X-1,V* GP Vel,HMXB
128.836062,-45.176432,laxpc1,Vela Pulsar,NAME Vela Pulsar,Pulsar
12.08,85.223917,uvit1,NGC 188,Cl* NGC  188    DGV     702,Star
186.22625,21.382278,sxt,PKS 1222+216,4C 21.35,QSO
346.181158,-8.68573,sxt,MCG-2-58-22,Mrk  926,Seyfert_1
192.7215,41.1202,uvit1,NGC 4736,M  94,Seyfert
194.300865,28.492365999999997,uvit1,NGC4841Aoffset,GMP 5025,Galaxy
194.49879199999998,27.995972,uvit1,Coma6,LEDA   83707,GinCl
195.040167,27.21375,uvit1,Coma1,BD+28  2172,Star
211.18010800000002,54.892630000000004,uvit1,NGC5473,NGC  5473,GinGroup
199.728371,-21.03911,uvit2,NGC 5068,NGC  5068,Galaxy
312.258667,30.404971999999997,uvit1,NGC 6960-IV,0.0,0.0
250.445208,36.543611,uvit2,NGC 6205,NGC  6205   882,Star
240.181667,31.17075,uvit1,GC50+48,0.0,0.0
251.44875,-45.611111,laxpc2,GX 340+0,4U 1642-45,LMXB
36.820329,33.57917,uvit1,NGC 0925,NAME NGC 925 Group,GroupG
236.5125,-37.786417,uvit1,NGC 5986,NGC  5986,GlCl
252.320833,59.919167,uvit1,draco_f1,IRAS F16485+6000,IR
244.28970800000002,-51.882556,uvit1,PN Mz 3,Gaia DR2 5934728536316842624,Candidate_YSO
194.421042,20.39661,uvit1,SDSS J125741.05+202347.8,IC 3929,Seyfert_1
258.385917,-37.023333,uvit1,NGC 6302,0.0,0.0
287.442079,-63.857530000000004,uvit2,NGC 6744,NGC  6744,GinGroup
262.991671,-33.83528,laxpc1,4U 1728-34,NAME Gri 1,GlCl
203.974167,-34.295494,uvit1,SWIFT J1335.8-3416,ESO 383-35,Seyfert_1
326.171475,38.321407,laxpc2,Cyg X-2,V* V1341 Cyg,LMXB
247.46266699999998,39.766528,uvit2,UGC10420,UGC 10420,LINER
304.23875,-70.75833,uvit1,VV 297,[BHK2005] 275,GlCl
201.245833,-43.126111,uvit1,CenA south middle lobe,[WRW2015] 1618,PN?
237.391917,70.348089,laxpc1,Blank Sky-8,0.0,0.0
251.44875,-45.611111,laxpc2,GX 340+0,4U 1642-45,LMXB
338.139167,11.720278,sxt,CTA 102,2MASS J22323284+1142441,Star
256.563808,-43.035747,laxpc2,4U 1702-429,X Ara X-1,LMXB
237.391917,70.348089,laxpc1,Blank Sky-8,0.0,0.0
246.608292,-72.268861,uvit1,NGC 6101,TYC 9282-2284-1,Star
195.839542,-62.223943999999996,uvit1,PDS 361S,IRAS 13002-6157,Candidate_Ae*
216.000333,31.568361,uvit1,GC50+69,0.0,0.0
272.11475,-36.978972,laxpc2,SAX J1808-3658,V* V4580 Sgr,LMXB
288.717,17.367,laxpc2,Unknown,[NHO98] 19127+1717,Maser
250.445208,36.543611,uvit2,NGC 6205,NGC  6205   882,Star
274.65666699999997,-52.215778,uvit1,NGC 6584,NGC  6584,GlCl
270.290542,-25.078925,laxpc2,GX 5-1,4U 1758-25,LMXB
85.127083,69.37844399999999,uvit1,NGC 1961,0.0,0.0
305.74902099999997,-44.27153,uvit1,NGC 6902A,LEDA   64576,Galaxy
216.6375,43.854167,uvit2,KISSR1786,KISS F1424-1399,EmG
249.432875,29.727694,uvit1,GC50+40,0.0,0.0
356.757079,29.471109999999996,uvit1,arp86,APG  86,PairG
78.52816700000001,-40.046556,uvit1,NGC 1851,NGC  1851,GlCl
310.307792,-38.19342,uvit1,ESO341-IG004,ESO 341-4,IG
220.10882900000001,33.98911,uvit1,ngc5727,NGC  5727,EmG
218.475,42.653611,uvit2,KISSR1814*,SDSS J143358.56+423910.3,QSO
265.990969,19.585838,sxt,1ES 1741+196,QSO B1741+196,BLLac
233.738558,23.50314,uvit1,arp220,[SED98] APG 220NE,PartofG
270.290542,-25.078925,laxpc2,GX 5-1,4U 1758-25,LMXB
272.11475,-36.978972,laxpc2,SAX J1808.4-3658,V* V4580 Sgr,LMXB
237.391917,70.348089,laxpc1,Blank Sky-8,0.0,0.0
270.290542,-25.078925,laxpc2,GX 5-1,4U 1758-25,LMXB
251.44875,-45.611111,laxpc2,GX 340+0,4U 1642-45,LMXB
264.742921,-44.45,laxpc1,4U 1735-44,V* V926 Sco,LMXB
262.990542,-33.834028,laxpc2,4U 1728-34,NAME Slow Burster,LMXB
284.888125,-36.631417,uvit1,NGC 6723,NGC  6723,GlCl
274.005787,-14.036283,laxpc1,GX 17+2,V* NP Ser,LMXB
295.669067,-10.32375,sxt,NGC 6814,NGC  6814,Seyfert_1
277.680367,-24.019153,sxt,V3890 Sgr,V* V3890 Sgr,LPV*
295.669067,-10.32375,sxt,NGC 6814,NGC  6814,Seyfert_1
359.253083,-34.680539,uvit1,Abell4059,ESO 349-9,GinCl
100.56472099999999,75.62573,uvit1,UGCA130,Mrk    5,HII_G
8.406667,28.739167,uvit1,AGC 102983,AGC 102983,Galaxy
251.44875,-45.611111,laxpc2,GX 340+0,4U 1642-45,LMXB
256.435375,-36.423069,laxpc2,GX 349+2,V* V1101 Sco,LMXB
237.391917,70.348089,laxpc1,Blank Sky-8,0.0,0.0
58.841625,9.788333,uvit1,HZ4,HZ  4,WD*
277.680367,-24.019153,sxt,V3890 Sgr,V* V3890 Sgr,LPV*
325.092167,-23.179861,uvit1,NGC 7099,M  30,GlCl
251.44875,-45.611111,laxpc2,GX 340+0,4U 1642-45,LMXB
340.537375,29.6153,uvit1,Akn564_2,0.0,0.0
284.146292,-37.908471999999996,sxt,RXJ1856.6-3754,RX J1856.6-3754,Neutron*
100.72975,55.474233,uvit1,SU Lyn,V* SU Lyn,LPV*
340.790583,29.7253,uvit1,Akn564_3,0.0,0.0
340.53725,29.7253,uvit1,Akn564_4,0.0,0.0
340.790708,29.8353,uvit1,Akn564_5,0.0,0.0
340.537083,29.8353,uvit1,Akn564_6,TYC 2232-311-1,Star
340.66391699999997,29.615361,uvit1,Akn564_7,[TKK2018] 7277,PairG
340.66391699999997,29.835361,uvit1,Akn564_8,0.0,0.0
340.790417,29.6153,uvit1,Akn564_9,0.0,0.0
255.705667,-48.789667,laxpc1,GX339-4,V* V821 Ara,HMXB
251.44875,-45.611111,laxpc2,GX 340+0,4U 1642-45,LMXB
256.435375,-36.423069,laxpc2,GX 349+2,V* V1101 Sco,LMXB
270.290542,-25.078925,laxpc2,GX 5-1,4U 1758-25,LMXB
86.757871,-34.250609999999995,uvit3,NGC2090,NGC  2090,GinGroup
26.012292000000002,61.888971999999995,uvit1,NGC 654(2),EM* GGA   83,Be*
118.8554,39.18615,uvit1,mrk 382,Mrk  382,Seyfert_1
326.171475,38.321407,laxpc2,Cyg X-2,V* V1341 Cyg,LMXB
264.974792,-28.496333,laxpc2,XTE J1739-285,[KRL2007b] 258,LMXB
7.26275,59.571943999999995,laxpc1,IGR J00291+5934,V* V1037 Cas,LMXB
31.792958000000002,-74.1175,uvit1,MBfield3,[DI91]  341,Star
30.309041999999998,-74.164333,uvit1,MBfield4,2MASS J02012483-7409488,Candidate_RGB*
33.286375,-74.170172,uvit1,MBfield2,SSTISAGEMA J021301.40-741040.6,Star
25.582042,51.575472,uvit1,NGC 650,M  76,PN
62.223957999999996,-55.98956,uvit1,IC 2038,IC 2038,GinPair
347.447,-43.4279,uvit1,NGC7496,NGC  7496,AGN
120.004167,-10.77,uvit1,NGC 2506,NGC  2506,OpCl
272.11475,-36.978972,sxt,SAX J1808.4-3658,V* V4580 Sgr,LMXB
296.254167,-14.815278,uvit1,NGC6822,[SRC2012] 296.254303-14.816854,Candidate_AGB*
302.355792,-48.831583,sxt,PKS 2005-489,QSO B2005-489,BLLac
62.466,-56.11844,uvit1,NGC1533,NGC  1533,GinGroup
62.749421,-56.48044,uvit1,NGC 1536,NGC  1536,IG
63.65225,-56.06080600000001,uvit1,NGC 1546,NGC  1546,GinGroup
93.90125,71.0375,sxt,Mrk 3,[KGP93] Mrk 3 5,Radio
11.363333,41.883025,uvit1,M31 Field No. 8,[JSD2012] PC  295,Cl*
9.260667,39.972361,uvit1,M31-I,[MMD2006] 2526,PN?
352.967412,19.937264000000003,sxt,EQ Peg,BD+19  5116,**
67.0,-47.91275,sxt,ESO,NAME Carafe Nebula,LINER
323.28461200000004,39.635978,uvit1,PN Hu1-2,PN Hu  1-2,PN
117.086125,47.203953000000006,uvit1,SDSSJ074820+471214,[GBM2015] SDSS 1737-53055-369 SN,SN
337.759125,-20.797992,uvit1,NGC 7293,0.0,0.0
353.6145,-36.1011,uvit1,IC5332,IC 5332,GinGroup
19.255417,-71.733639,uvit1,SMC_Shell_9,SSTISAGEMA J011702.13-714408.3,Candidate_RGB*
18.79625,-71.3655,uvit1,SMC_Shell_8,SSTISAGEMA J011506.00-712205.7,Candidate_RGB*
81.70796700000001,-66.095275,uvit1,N49 N49B,MACHO  62.7605.393,PM*
49.566666999999995,-66.498333,uvit1,NGC 1313,NGC  1313,Galaxy
292.482931,18.310617999999998,laxpc1,IGR J19294+1816,IGR J19294+1816,HMXB
11.037,41.557347,uvit1,M31 Field No. 2,[AMB2011] HII 2651,HII
10.710708,41.250228,uvit1,M31 Field No. 1,M31N 2013-12a,X
351.350779,-38.446996999999996,sxt,IRAS 23226-3843,2MASX J23252420-3826492,Seyfert_1
11.719583,42.203444,uvit1,M31 Field No. 9,[JSD2015] AP  4076,Galaxy
112.26125,13.246777999999999,uvit1,PN A66 21,PN A66   21,PN
147.593333,31.487778000000002,uvit1,UGC 5272,UGC  5272,Galaxy
124.87075,70.70536,uvit1,Holmber II X-1,[SST2011] J081929.00+704219.3,ULX
312.122167,29.723278000000004,uvit1,Cygnus S-III,Gaia DR2 1858290202747590528,Candidate_WD*
99.098292,-42.867806,laxpc2,MAXI J0637-430,EQ J063623.2-425204.2,Unknown
312.122167,29.723278000000004,uvit1,Cygnus S-III,Gaia DR2 1858290202747590528,Candidate_WD*
313.13183300000003,29.681721999999997,uvit1,Cygnus S-VIII,NAME Teutsch GN J2052.5+2940,PN?
312.58325,29.697583,uvit1,Cygnus S-IX,Gaia DR2 1858602880656651008,Star
331.968305,31.359346000000002,uvit1,NGC7217,NGC  7217,LINER
19.255417,-71.733639,uvit1,SMC_Shell_9,SSTISAGEMA J011702.13-714408.3,Candidate_RGB*
18.79625,-71.3655,uvit1,SMC_Shell_8,SSTISAGEMA J011506.00-712205.7,Candidate_RGB*
49.566666999999995,-66.498333,uvit1,NGC 1313,NGC  1313,Galaxy
99.098292,-42.867806,laxpc2,MAXI J0637-430,EQ J063623.2-425204.2,Unknown
11.37,41.902806,uvit1,M31N 2008-12a,RX J0045.4+4154,Nova
99.098292,-42.867806,uvit1,MAXIJ0637-430_1,EQ J063623.2-425204.2,Unknown
98.947958,-42.977708,uvit1,MAXIJ0637-430_2,0.0,0.0
99.248375,-42.867708,uvit1,MAXIJ0637-430_3,0.0,0.0
11.719583,42.203444,uvit1,M31 Field No. 9,[JSD2015] AP  4076,Galaxy
98.948208,-42.867708,uvit1,MAXIJ0637-430_4,0.0,0.0
99.248125,-42.757708,uvit1,MAXIJ0637-430_5,0.0,0.0
98.948458,-42.757708,uvit1,MAXIJ0637-430_6,0.0,0.0
99.098292,-42.867806,sxt,MAXI J0637-430,EQ J063623.2-425204.2,Unknown
237.391917,70.348089,laxpc2,Blank Sky-8,0.0,0.0
99.098292,-42.977806,uvit1,MAXIJ0637-430_7,0.0,0.0
99.098292,-42.757806,uvit1,MAXIJ0637-430_8,0.0,0.0
99.248625,-42.977708,uvit1,MAXIJ0637-430_9,0.0,0.0
147.593333,31.487778000000002,uvit1,UGC 5272,UGC  5272,Galaxy
183.47958300000002,22.8,czt1,Blank Sky,0.0,0.0
186.356325,16.470006,uvit1,VCC801,NGC  4383,AGN
331.968305,31.359346000000002,uvit1,NGC7217,NGC  7217,LINER
174.12125,21.59639,uvit1,ngc 3758,Mrk  739E,Seyfert_1
124.87075,70.70536,uvit1,Holmber II X-1,[SST2011] J081929.00+704219.3,ULX
12.08,85.223917,uvit1,NGC 188,Cl* NGC  188    DGV     702,Star
203.654167,37.912222,sxt,XRBBlankF1T1,[LDP2005] 112,X
16.005,-72.0312,sxt,1E0102-72.3,SNR B0102-72.3,SNR
311.799708,22.026,ssm,SSM1CrabDec2019,0.0,0.0
331.968305,31.359346000000002,uvit1,NGC7217,NGC  7217,LINER
182.32375,29.9275,uvit1,NGC4136,SN 1941C,SN
161.264733,-59.684459,sxt,eta carina,* eta Car,Em*
12.08,85.223917,uvit1,NGC 188,Cl* NGC  188    DGV     702,Star
16.005,-72.0312,sxt,1E0102-72.3,SNR B0102-72.3,SNR
32.393904,-74.453283,sxt,RX J0209.6-7427,RX J0209.6-7427,HMXB
124.87075,70.70536,uvit1,Holmber II X-1,[SST2011] J081929.00+704219.3,ULX
237.391917,70.348089,laxpc2,Blank Sky-8,0.0,0.0
16.005,-72.0312,sxt,1E0102-72.3,SNR B0102-72.3,SNR
12.08,85.223917,uvit1,NGC 188,Cl* NGC  188    DGV     702,Star
124.87075,70.70536,uvit1,Holmber II X-1,[SST2011] J081929.00+704219.3,ULX
331.968305,31.359346000000002,uvit1,NGC7217,NGC  7217,LINER
189.2125,62.294075,uvit1,GOODS-North,MODS wide  7880,Galaxy
18.79625,-71.3655,uvit1,SMC_Shell_8,SSTISAGEMA J011506.00-712205.7,Candidate_RGB*
19.255417,-71.733639,uvit1,SMC_Shell_9,SSTISAGEMA J011702.13-714408.3,Candidate_RGB*
32.692502000000005,-51.017192,uvit1,PKS 0208-512,QSO B0208-512,BLLac
189.2125,62.294075,uvit1,GOODS-North,MODS wide  7880,Galaxy
29.420833000000002,37.785,uvit1,NGC 752,NGC   752,OpCl
197.079667,43.757111,uvit1,SDSSJ130819+434525,SDSS J130819.12+434525.5,Seyfert_2
19.255417,-71.733639,uvit1,SMC_Shell_9,SSTISAGEMA J011702.13-714408.3,Candidate_RGB*
12.08,85.223917,uvit1,NGC 188,Cl* NGC  188    DGV     702,Star
4.958022,21.947824,sxt,RX J0019.8+2156,V* QR And,EB*
124.87075,70.70536,uvit1,Holmber II X-1,[SST2011] J081929.00+704219.3,ULX
331.968305,31.359346000000002,uvit1,NGC7217,NGC  7217,LINER
216.239708,24.25495,uvit1,J142457.53+241517.82,2MASS J14245751+2415177,AGN
182.348458,62.165544,uvit1,J120923.63+620955.96,ZW  VII 441,LINER
84.911788,-69.743204,sxt,LMC X-1,X LMC X-1,HMXB
162.115083,71.726639,sxt,S5 1044+71,6C 104451+715930,QSO
203.654167,37.912222,sxt,XRBBlankF1T3,[LDP2005] 112,X
215.626583,32.3862,sxt,OQ 334,QSO B1420+326,QSO
189.2125,62.294075,uvit1,GOODS-North,MODS wide  7880,Galaxy
174.12125,21.59639,uvit1,ngc 3758,Mrk  739E,Seyfert_1
185.728883,15.822304,uvit1,VCC596,M 100,AGN
215.626583,32.3862,sxt,OQ 334,QSO B1420+326,QSO
84.73457900000001,-64.084168,sxt,LMC X-3,X LMC X-3,HMXB
203.654167,37.912222,sxt,XRBBlankF1T2,[LDP2005] 112,X
189.2125,62.294075,uvit1,GOODS-North,MODS wide  7880,Galaxy
69.95683299999999,-68.150389,sxt,RX J0439.8-6809,1ES 0439-68.2,CataclyV*
4.958022,21.947824,sxt,RX J0019.8+2156,V* QR And,EB*
163.183333,57.483056000000005,sxt,XMMBLANKF3,[MBH2002] 89,X
237.391917,70.348089,laxpc2,Blank Sky-8,0.0,0.0
203.654167,37.912222,sxt,XRBBlankF1T3,[LDP2005] 112,X
245.731375,15.76971,uvit1,dg_02,0.0,0.0
162.418733,9.006449,uvit1,dg_01,0.0,0.0
203.654167,37.912222,sxt,XRBBlankF1T4,[LDP2005] 112,X
217.62995800000002,52.707178000000006,uvit1,J143031.19+524225.84,2MASX J14303120+5242258,Seyfert_2
251.97875,44.562514,uvit1,J164754.90+443345.05,2MASX J16475488+4433454,EmG
9.016667,23.957778,uvit1,NGC 160,NGC   160,Galaxy
201.768167,48.326756,uvit1,J132704.36+481936.32,LEDA 2315068,LINER
166.767375,45.822117,uvit1,J110704.17+454919.62,UGC  6165,EmG
165.638958,22.753811,uvit1,J110233.35+224513.71,2MASX J11023336+2245133,LINER
192.095417,8.4875,uvit1,NGC 4698,NGC  4698,Seyfert_2
213.29125,-65.339167,sxt,Circinus Galaxy,[SW2001b] D,X
203.654167,37.912222,sxt,XRBBlankF1T5,[LDP2005] 112,X
203.669875,-23.445889,uvit1,ESO 509-IG 066 NED 02,6dFGS gJ133440.8-232645,Galaxy
213.29125,-65.339167,sxt,Circinus Galaxy,[SW2001b] D,X
182.32375,29.9275,uvit1,NGC4136,SN 1941C,SN
187.184167,43.224167,uvit1,UGC7608,UGC  7608,EmG
217.26666699999998,52.87,uvit1,EGS,0.0,0.0
190.927625,16.393389000000003,uvit1,NGC 4651,NGC  4651,LINER
124.87075,70.70536,uvit1,Holmber II X-1,[SST2011] J081929.00+704219.3,ULX
130.170042,-35.273666999999996,laxpc2,Swift J0840.7-3516,GRB 200205A,Pulsar
197.079667,43.757111,uvit1,SDSSJ130819+434525,SDSS J130819.12+434525.5,Seyfert_2
184.6105,29.812917,uvit1,Mrk766,NGC  4253,Seyfert_1
69.95683299999999,-68.150389,sxt,RX J0439.8-6809,1ES 0439-68.2,CataclyV*
199.112875,17.70025,uvit1,NGC5053,NGC  5053,GlCl
237.391917,70.348089,laxpc2,Blank Sky-8,0.0,0.0
12.08,85.223917,uvit1,NGC 188,Cl* NGC  188    DGV     702,Star
124.87075,70.70536,uvit1,Holmber II X-1,[SST2011] J081929.00+704219.3,ULX
49.921,-19.4112,uvit1,NGC1300,NGC  1300,GinPair
54.368,-24.5013,uvit1,NGC1385,NGC  1385,EmG
194.182083,21.6827,uvit1,NGC4826,M  64,Seyfert
76.31020799999999,-37.9808,uvit1,NGC1792,NGC  1792,EmG
64.399,-62.7837,uvit1,NGC1559,NGC  1559,GinGroup
189.2125,62.294075,uvit1,GOODS-North,MODS wide  7880,Galaxy
214.773292,-14.0129,ssm,SSM1CrabMar2020,0.0,0.0
204.404708,20.397694,uvit1,SDSSJ133737+202351,2MASX J13373713+2023517,Galaxy
203.654167,37.912222,sxt,XRBBlankF1T6,[LDP2005] 112,X
264.974792,-28.496333,laxpc2,XTE J1739-285,[KRL2007b] 258,LMXB
254.457542,35.342333,uvit1,Her X-1,V* HZ Her,LMXB
52.88079200000001,-51.9049,uvit1,IC1954,IC 1954,GinGroup
73.920833,-71.413333,uvit1,LMCSouth_6,[GKK2003] A061,Assoc*
204.404708,20.397694,uvit1,SDSSJ133737+202351,2MASX J13373713+2023517,Galaxy
49.566666999999995,-66.498333,uvit1,NGC 1313,NGC  1313,Galaxy
203.654167,37.912222,sxt,XRBBlankF1T7,[LDP2005] 112,X
77.18820799999999,-71.186444,uvit1,LMCSouth_1,[RP2006] 1151,Em*
262.3,-36.686667,sxt,G351.7-1.2,1FGL J1729.1-3641c,gamma
77.28133299999999,-71.503917,uvit1,LMCSouth_2,EROS2-star lm056-4l-18899,LPV*
76.06179200000001,-71.756639,uvit1,LMCSouth_3,[GKK2003] A027,Assoc*
78.333875,-72.078,uvit1,LMCSouth_5,0.0,0.0
77.11908299999999,-71.897972,uvit1,LMCSouth_4,2MASS J05082876-7153401,Star
147.593333,31.487778000000002,uvit1,UGC 5272,UGC  5272,Galaxy
203.654167,37.912222,sxt,XRBBlankF1T8,[LDP2005] 112,X
236.72,-78.21419399999999,uvit1,Sunburst Arc,TYC 9433-1133-1,Star
272.5,-22.2,laxpc2,MAXI J1810-222,MAXI J1810-222,X
204.38358300000002,8.8851,uvit1,NGC5248,NGC  5248,GinGroup
237.391917,70.348089,laxpc2,Blank Sky-8,0.0,0.0
203.654167,37.912222,sxt,XRBBlankF1T9,[LDP2005] 112,X
112.26125,13.246777999999999,uvit1,PN A66 21,PN A66   21,PN
132.825,11.8,uvit1,M67,NGC  2682,OpCl
14.553332999999999,-70.763278,uvit1,SMC_Shell_1,SSTISAGEMA J005821.54-704534.2,PM*
14.948332999999998,-71.12055600000001,uvit1,SMC_Shell_2,SSTISAGEMA J005947.18-710639.2,Candidate_RGB*
17.870417,-70.667889,uvit1,SMC_Shell_6,SSTISAGEMA J011131.10-704013.9,Star
239.790083,35.029878000000004,sxt,Mrk 493,Mrk  493,Seyfert_1
141.303542,52.286221999999995,uvit1,Mrk110,Mrk  110,Seyfert_1
66.908792,-55.027806000000005,uvit1,NGC 1596,NGC  1596,GinPair
167.167167,34.097842,uvit1,SDSSJ110840+340552,SDSS J110840.11+340552.2,Galaxy
296.254167,-14.815278,uvit1,NGC6822,[SRC2012] 296.254303-14.816854,Candidate_AGB*
214.773292,-14.0129,ssm,SSM1CrabMar2020,0.0,0.0
18.79625,-71.3655,uvit1,SMC_Shell_8,SSTISAGEMA J011506.00-712205.7,Candidate_RGB*
137.583792,7.0379,uvit1,NGC2775,NGC  2775,Galaxy
253.467571,39.760169,sxt,Mrk 501,4C 39.49,BLLac
84.911788,-69.743204,sxt,LMC X-1,X LMC X-1,HMXB
77.18820799999999,-71.186444,uvit1,LMCSouth_1,[RP2006] 1151,Em*
77.28133299999999,-71.503917,uvit1,LMCSouth_2,EROS2-star lm056-4l-18899,LPV*
76.06179200000001,-71.756639,uvit1,LMCSouth_3,[GKK2003] A027,Assoc*
124.87075,70.70536,uvit1,Holmber II X-1,[SST2011] J081929.00+704219.3,ULX
190.709442,-63.058624,sxt,HD 110432,HD 110432,Be*
13.639292000000001,-73.68369399999999,laxpc2,SMC X-2,X SMC X-2,HMXB
248.554583,-47.090306,laxpc2,4U 1630-472,0.0,0.0
200.324221,42.587606,uvit1,3C 285,2MASX J13211781+4235153,Seyfert_2
237.391917,70.348089,laxpc2,Blank Sky-8,0.0,0.0
80.116833,-71.96480600000001,sxt,LMC X-2,X LMC X-2,LMXB
179.8825,29.245556,sxt,TON 0599,Ton  599,QSO
312.58325,29.697583,uvit1,Cygnus S-IX,Gaia DR2 1858602880656651008,Star
190.99,16.381667,uvit1,3C 275.1,3C 275.1,QSO
254.457542,35.342333,uvit1,Hercules X-1,V* HZ Her,LMXB
186.939974,13.008826,uvit1,NGC 4438,2MASS J12274565+1300314,X
188.33238300000002,12.853547,uvit1,VCC1499,IC 3492,GinCl
186.860433,11.107662,uvit1,VCC1003,NGC  4429,GinGroup
184.706771,14.416489000000002,uvit1,VCC307,M  99,HII_G
189.20756699999998,13.162869,uvit1,VCC1690,M  90,Seyfert_2
190.895833,13.12635,uvit1,VCC1987,0.0,0.0
353.6145,-36.1011,uvit1,IC5332,IC 5332,GinGroup
13.639292000000001,-73.68369399999999,sxt,SMC X-2,X SMC X-2,HMXB
166.697917,72.568611,sxt,NGC 3516,[MWP92] A,Radio
187.737967,11.483531,uvit1,VCC1326,NGC  4491,GinGroup
190.35587900000002,13.729414000000002,uvit1,VCC1878,NGC  4611,Galaxy
12.08,85.223917,uvit1,NGC 188,Cl* NGC  188    DGV     702,Star
341.515417,-11.001111,uvit1,NGC 7371,NGC  7371,Galaxy
190.986,13.1264,uvit1,NGC4654,NGC  4654,GinPair
347.447,-43.4279,uvit1,NGC7496,NGC  7496,AGN
189.207583,13.1629,uvit1,NGC4569,M  90,Seyfert_2
307.888333,-7.088333,uvit1,PN A66 70,PN A66   70,PN
133.703625,20.108511,sxt,OJ 287,QSO J0854+2006,BLLac
237.391917,70.348089,laxpc2,Blank Sky-8,0.0,0.0
188.173933,14.051614,uvit1,VCC1450,IC 3476,GinGroup
325.73325,-30.132753000000005,uvit1,6dFGSgJ214256-300758,6dFGS gJ214256.0-300758,Galaxy
313.13183300000003,29.681721999999997,uvit1,Cygnus S-VIII,NAME Teutsch GN J2052.5+2940,PN?
311.704458,31.477833,uvit1,NGC6960-VIII,0.0,0.0
312.122167,29.723278000000004,uvit1,Cygnus S-III,Gaia DR2 1858290202747590528,Candidate_WD*
201.392,-54.245314,uvit1,DY Cen,V* DY Cen,Erupt*RCrB
345.815308,8.873689,sxt,NGC7469,[RLA2011] A,IR
150.751458,68.824064,uvit1,NGC3077,0.0,0.0
149.97579199999998,68.638019,uvit1,SES,TYC 4383-805-1,Star
203.654167,37.912222,sxt,XRBBlankF1T10,[LDP2005] 112,X
211.108021,-17.227930999999998,uvit1,PN G326.7+42.2,IC  972,PN
219.750875,64.291661,sxt,EK Draconis,V* EK Dra,BYDra
305.0365,16.731664000000002,uvit1,IC 4997,IC 4997,PN
214.76666699999998,52.87,uvit1,EGS,EGSIRAC J141903.11+525203.2,Galaxy
204.896083,-67.38104399999999,uvit1,PN MyCn18,PN MyCn   18,PN
305.378054,40.446121999999995,laxpc2,PSR J2021+4026,[WRR2011] 20,X
348.702083,-43.599944,uvit1,NGC 7531,NGC  7531,GinGroup
139.00620800000002,-36.627056,uvit1,NGC 2818,NGC  2818,PN
129.3125,-29.955,uvit1,NGC 2627,NGC  2627,OpCl
237.391917,70.348089,laxpc2,Blank Sky-8,0.0,0.0
190.99,16.381667,uvit1,3C 275.1,3C 275.1,QSO
226.005004,10.43782,uvit1,Mrk 841,Mrk  841,Seyfert_1
160.99041699999998,11.703806,uvit1,NGC 3351,M  95,GinPair
203.669875,-23.445889,uvit1,ESO 509-IG 066 NED 02,6dFGS gJ133440.8-232645,Galaxy
200.324221,42.587606,uvit1,3C 285,2MASX J13211781+4235153,Seyfert_2
341.515417,-11.001111,uvit1,NGC 7371,NGC  7371,Galaxy
241.8875,54.641943999999995,uvit1,P_02,0.0,0.0
178.25366699999998,-42.234389,uvit1,PN G291.4+19.2,TYC 7750-811-1,Star
158.742542,-29.094471999999996,uvit1,PN G270.1+24.8,0.0,0.0
209.22341699999998,10.525225,uvit1,J1356+1026,0.0,0.0
217.625,13.653332999999998,uvit1,J1430+1339,NAME Teacup AGN,Seyfert_2
204.25375,-29.865416999999997,uvit1,NGC 5236,[GRL91] 1,PartofG
214.843417,-26.644721999999998,uvit1,ESO 511-G030,ESO 511-30,Seyfert_1
14.972,31.826909000000004,uvit1,Mrk 352,Mrk  352,Seyfert_1
315.757692,-14.260025,uvit1,PGC065981,MCG-02-53-023,Galaxy
189.207583,13.1629,uvit1,NGC4569,M  90,Seyfert_2
351.2,-40.66,sxt,1ES 2322-409,0.0,0.0
203.975,-34.295556,sxt,meg-6-30-15,ESO 383-35,Seyfert_1
243.179167,-52.423056,sxt,4U 1608-52,V* QX Nor,LMXB
203.975,-34.295556,sxt,meg-6-30-15,ESO 383-35,Seyfert_1
12.196421,31.956968,uvit1,NGC262,NGC   262,Seyfert_2
33.679208,59.485,uvit1,Stock 2,Cl Stock    2,OpCl
210.19091699999998,59.3287,uvit1,MRK799,NGC  5430,EmG
248.69958300000002,-47.3,laxpc2,4U 1630-472,0.0,0.0
259.358333,51.216111,uvit1,C/2017 K2,0.0,0.0
257.636042,-36.017146999999994,laxpc2,IGR J17091-3624,Gaia DR2 5976957990418246784,Candidate_RRLyr
262.934042,-16.961361,laxpc2,GX 9+9,V* V2216 Oph,LMXB
37.15875,-73.874139,uvit1,MB_tile_1,0.0,0.0
33.2625,-74.081028,uvit1,MB_tile_2,[DI91]  776,Star
29.504167,-74.237472,uvit1,MB_tile_3,SSTISAGEMA J015757.08-741339.4,PM*
27.872083,-74.240472,uvit1,MB_tile_4,SSTISAGEMA J015127.30-741357.6,Star
214.773292,-14.0129,ssm,SSM1CrabMar2020,0.0,0.0
237.391917,70.348089,laxpc2,Blank Sky-8,0.0,0.0
52.8,43.904278000000005,sxt,GK Per,V* GK Per,Nova
257.226958,-44.102042,laxpc2,4U 1705-44,4U 1705-44,LMXB
45.414916999999996,-8.112556,uvit1,T03,[VV2003c] J030139.6-080645,Seyfert_1
66.503017,-57.200269999999996,uvit1,1H 0419-577,LB  1727,Seyfert_1
10.4706,-73.382918,uvit1,SMC-02,2MASS J00415532-7323023,Candidate_RGB*
10.841592,-73.030698,uvit1,SMC-03,2MASS J00432266-7301445,Candidate_RGB*
11.4887,-72.731306,uvit1,SMC-04,2MASS J00460099-7243534,Candidate_RGB*
238.818375,35.723514,uvit1,T05,SDSS J155516.41+354324.7,BClG
244.17766699999999,20.955586,uvit1,T08,SDSS J161642.63+205720.1,Galaxy
48.067541999999996,-55.216221999999995,uvit1,NGC 1261,NGC  1261,GlCl
274.005787,-14.036283,laxpc2,GX 17+2,V* NP Ser,LMXB
217.1505,46.12,uvit1,Fil_01,SDSS J142838.24+460721.9,Galaxy
216.6,46.8,uvit1,Fil_02,SDSS J142621.58+464823.7,QSO
215.85,46.1,uvit1,Fil_03,LAMOST J142324.13+460602.0,QSO
277.382421,48.746155,uvit1,3C 380,ICRF J182931.7+484446,Seyfert_1
273.349021,-12.766952999999999,laxpc2,PSR J1813-1246,PSR J1813-1246,Pulsar
57.346582999999995,-11.990833,uvit1,1ES 0347-121,QSO B0347-121,BLLac
12.114308,-72.429906,uvit1,SMC-05,2MASS J00483109-7225476,Candidate_RGB*
12.719367,-72.12659599999999,uvit1,SMC-06,SSTISAGEMA J005051.26-720748.3,Candidate_RGB*
83.633083,22.0145,laxpc1,Crab,M   1,SNR
83.633083,22.0145,czt1,Crab,M   1,SNR
237.391917,70.348089,laxpc2,Blank Sky-8,0.0,0.0
80.116833,-71.96480600000001,sxt,LMC X-2,X LMC X-2,LMXB
68.847,55.376,laxpc2,AT2019wey,NAME ATLAS 19bcxp,Transient
12.07785,-73.04092,uvit1,SMC-10,2MASS J00482134-7302268,Candidate_RGB*
80.116833,-71.96480600000001,sxt,LMC X-2,X LMC X-2,LMXB
83.633083,22.0145,czt1,Crab,M   1,SNR
51.17125,34.179444000000004,sxt,1H 0323+34203,QSO J0324+3410,BLLac
274.005787,-14.036283,laxpc2,GX 17+2,V* NP Ser,LMXB
83.633083,22.0145,czt1,Crab,M   1,SNR
10.757621,-73.64133199999999,uvit1,SMC-08,SSTISAGEMA J004301.43-733841.3,Candidate_RGB*
13.3048,-71.821469,uvit1,SMC-07,OGLE SMC-RRLYR-1230,RRLyr
11.429308,-73.342168,uvit1,SMC-09,ABW-A 156,C*
26.9285,-52.7619,uvit1,NGC0685,NGC   685,Galaxy
85.889583,-68.373056,sxt,CAL83,2E  1550,XB
83.633083,22.0145,czt1,Crab,M   1,SNR
284.146292,-37.908471999999996,sxt,RX J1856.6-3754,RX J1856.6-3754,Neutron*
83.633083,22.0145,czt1,Crab,M   1,SNR
284.146292,-37.908471999999996,sxt,RX J1856.6-3754,RX J1856.6-3754,Neutron*
329.4195,-80.358,uvit1,FRB190711,FRB 190711,radioBurst
12.07785,-73.04092,uvit1,SMC-10,2MASS J00482134-7302268,Candidate_RGB*
12.704317,-72.73769399999999,uvit1,SMC-11,2MASS J00505037-7244121,Candidate_RGB*
13.309729,-72.43259,uvit1,SMC-12,SSTISAGEMA J005315.28-722600.7,Candidate_RGB*
15.070170999999998,-72.11774100000001,uvit1,SMC-21,OGLE SMC108.3  15735,EB*
12.688158,-73.348788,uvit1,SMC-17,SSTISAGEMA J005043.91-732051.3,Candidate_RGB*
329.4195,-80.358,uvit1,FRB190711,FRB 190711,radioBurst
257.226958,-44.102042,laxpc2,4U 1705-44,4U 1705-44,LMXB
13.315017000000001,-73.0437,uvit1,SMC-18,2MASS J00531617-7302289,Candidate_RGB*
13.920304000000002,-72.736767,uvit1,SMC-19,2MASS J00553808-7244031,Candidate_RGB*
329.4195,-80.358,uvit1,FRB190711,FRB 190711,radioBurst
251.44875,-45.611111,laxpc2,GX 340+0,4U 1642-45,LMXB
237.391917,70.348089,laxpc2,Blank Sky-8,0.0,0.0
83.633083,22.0145,czt1,Crab,M   1,SNR
12.08,85.223917,uvit1,NGC 188,Cl* NGC  188    DGV     702,Star
83.633083,22.0145,laxpc1,Crab,M   1,SNR
12.08,85.223917,uvit1,NGC 188,Cl* NGC  188    DGV     702,Star
51.17125,34.179444000000004,sxt,1H 0323+34203,QSO J0324+3410,BLLac
288.798125,10.945767,laxpc2,GRS 1915+105,Granat 1915+105,HMXB
308.063642,37.637456,sxt,EXO 2030+375,V* V2246 Cyg,HMXB
12.08,85.223917,uvit1,NGC 188,Cl* NGC  188    DGV     702,Star
264.495,-37.772,laxpc2,IGR J17379-3747,XTE J1737-376,Candidate_HMXB
295.66935,-10.323492,sxt,NGC 6814,NGC  6814,Seyfert_1
12.08,85.223917,uvit1,NGC 188,Cl* NGC  188    DGV     702,Star
277.673792,-6.754861,laxpc2,SGR 1830-0645,GRB 201010A,X
15.009020999999999,-71.506913,uvit1,SMC-15,SSTISAGEMA J010002.16-713024.5,Candidate_RGB*
12.038654,-73.651933,uvit1,SMC-16,TYC 9141-7575-1,Star
14.505033,-72.428086,uvit1,SMC-20,2MASS J00580230-7225519,Candidate_RGB*
15.616629000000001,-71.805817,uvit1,SMC-22,OGLE SMC114.8    537,PM*
13.320704000000001,-73.654816,uvit1,SMC-23,2MASS J00531826-7339228,Candidate_RGB*
14.552054,-73.039034,uvit1,SMC-25,2MASS J00581120-7302240,Candidate_RGB*
15.135670999999999,-72.728528,uvit1,SMC-26,OGLE SMC-SC9  13451,deltaCep
15.699283,-72.416398,uvit1,SMC-27,SMC ASS 50,Assoc*
16.243854000000002,-72.102726,uvit1,SMC-28,NAME XTE POSITION B,HMXB
16.770275,-71.787588,uvit1,SMC-29,SSTISAGEMA J010701.43-714712.5,Star
237.391917,70.348089,laxpc2,Blank Sky-8,0.0,0.0
14.602604000000001,-73.649978,uvit1,SMC-30,SSTISAGEMA J005823.69-733859.9,Candidate_RGB*
15.205995999999999,-73.33928900000001,uvit1,SMC-31,2MASS J01005000-7320175,Candidate_RGB*
15.787917000000002,-73.02692900000001,uvit1,SMC-32,2dFS  1742,Star
14.461186999999999,-71.817115,uvit1,SMC-14,2MASS J00575010-7149073,Candidate_RGB*
13.89505,-72.125701,uvit1,SMC-13,OGLE SMC-LPV-11736,LPV*
13.947420999999999,-73.347828,uvit1,SMC-24,2MASS J00554858-7320579,Candidate_RGB*
16.349438,-72.712987,uvit1,SMC-33,SSTISAGEMA J010521.23-724242.9,Candidate_RGB*
11.37,41.902806,uvit1,M31N 2008-12a,RX J0045.4+4154,Nova
237.391917,70.348089,laxpc2,Blank Sky-8,0.0,0.0
340.726697,29.712317,uvit1,Akn564,2MASX J22425351+2943125,Galaxy
15.883196,-73.637423,uvit1,SMC-36,2MASS J01033355-7338116,Candidate_RGB*
16.462782999999998,-73.32318199999999,uvit1,SMC-37,SSTISAGEMA J010544.85-731902.3,Candidate_RGB*
16.371613,-72.98356899999999,uvit1,SMC-38,2MASS J01052928-7259080,Candidate_AGB*
17.543858,-72.622015,uvit1,SMC-39,SSTISAGEMA J011010.65-723713.7,Candidate_RGB*
17.7167,-73.29952800000001,uvit1,SMC-41,2MASS J01104696-7317541,Candidate_RGB*
11.37,41.902806,sxt,M31N 2008-12a,RX J0045.4+4154,Nova
84.727393,26.315789000000002,laxpc1,A0535+262,HD 245770,HMXB
18.966675,-73.26835799999999,uvit1,SMC-42,XMMU J011555.6-731605,AGN_Candidate
19.70565,-73.55369300000001,uvit1,SMC-43,XMMU J011847.9-733321,X
20.211654,-73.229714,uvit1,SMC-44,LIN 531,Em*
20.969629,-73.510553,uvit1,SMC-45,SSTISAGEMA J012348.07-733013.0,Candidate_RGB*
11.037,41.557347,uvit1,M31 Field No. 2,[AMB2011] HII 2651,HII
21.450617,-73.183644,uvit1,SMC-46,SSTISAGEMA J012548.33-731036.0,Candidate_RGB*
22.226725,-73.459887,uvit1,SMC-47,SSTISAGEMA J012901.25-732705.4,Star
17.415212,-72.08067199999999,uvit1,SMC-35,SSTISAGEMA J010932.85-720432.5,Candidate_RGB*
16.891554,-72.397542,uvit1,SMC-34,OGLE SMC-SC11  55592,Star
334.9625,-48.711110999999995,uvit1,GW Candidate Transient,0.0,0.0
18.080917000000003,-72.371539,uvit1,SMC-40,SSTISAGEMA J011223.57-722207.8,Star
21.742062,-32.543177,uvit1,R Scl,V* R Scl,C*
174.81196699999998,17.143669,uvit1,UGC6614,UGC  6614,LINER
40.099863,-8.433544,uvit1,NGC1042,NGC  1042,GinPair
334.12125,-21.430694,uvit1,IC 1438,IC 1438,EmG
10.710708,41.250228,uvit1,M31 Field No. 1,M31N 2013-12a,X
11.037,41.557347,uvit1,M31 Field No. 2,[AMB2011] HII 2651,HII
334.9625,-48.711110999999995,uvit1,GW Candidate Transient,0.0,0.0
23.575833,-29.4185,uvit1,NGC 0613,NGC   613,AGN
356.965417,-30.522,uvit1,NGC 7755,NGC  7755,EmG
66.50295799999999,-57.200492000000004,sxt,1H 0419-577,LB  1727,Seyfert_1
174.81196699999998,17.143669,uvit1,UGC6614,UGC  6614,LINER
71.427083,-59.247181000000005,uvit1,NGC 1672,[JBC2011] 15,X
160.99041699999998,11.703806,uvit1,NGC 3351,M  95,GinPair
46.01,-12.07,sxt,Cluster 3,[XRP2018] 2,Possible_ClG
41.579375,-30.274889,uvit1,NGC 1097,NGC  1097,LINER
25.76,13.645056,uvit1,NGC 660,NGC   660,Seyfert_2
37.083791999999995,-31.881028000000004,uvit1,MCG-05-07-001,ESO 415-26,Galaxy
41.579583,-30.274889,uvit1,NGC 1097,NGC  1097,LINER
159.862042,47.947111,uvit1,UGC 5791,UGC  5791,GinPair
110.75583300000001,36.35475,uvit1,J0723+3621,SDSS J072301.42+362117.1,Galaxy
96.3175,73.577472,sxt,MU Cam,V* MU Cam,XB
175.909583,71.688806,sxt,YY Dra,V* DO Dra,DwarfNova
135.100417,25.614806,uvit1,UGC 4722,UGC  4722,Galaxy
334.9625,-48.711110999999995,uvit1,GW Candidate Transient,0.0,0.0
351.473333,42.535,uvit1,NGC7662,NGC  7662,PN
177.900192,16.664285999999997,uvit1,LEDA 37112,2MASX J11513608+1639509,Galaxy
129.54458300000002,48.634444,sxt,EI UMa,0.0,0.0
269.639183,66.632986,uvit1,NGC6543,NGC  6543,PN
222.81004199999998,35.542269,uvit1,UGC 9562,UGC  9562,GinPair
237.391917,70.348089,laxpc2,Blank Sky-8,0.0,0.0
133.703646,20.108511,sxt,oj287,QSO J0854+2006,BLLac
170.889833,67.186083,uvit1,J112333d56p671109d9,2MASS J11233360+6711102,AGN
41.579375,-30.274889,uvit1,NGC 1097,NGC  1097,LINER
13.395554,12.693313,uvit1,PG 0050+124,Mrk 1502,Seyfert_1
197.524333,34.181111,uvit1,SDSSCGB 6435.1,SDSSCGB 6435.1,Galaxy
17.033625,-15.511869,uvit1,JO23,LEDA  910245,EmG
243.488246,65.719432,uvit1,PG 1613+658,Mrk  876,Seyfert_1
124.59583300000001,-11.19415,uvit1,UCAC2 27827162,UCAC2  27827162,Star
161.325,35.320278,uvit1,SDSS J104518.43+351913.5,SDSS J104518.03+351913.1,Galaxy
168.950208,29.18825,uvit1,BCD_T3,SDSS J111551.41+291155.7,QSO
166.805,65.10194399999999,uvit1,SDSS J110713.22+650606.6,MCG+11-14-003b,LINER
10.520912,-9.534464,uvit1,JO200,MCG-02-02-091,GinCl
37.206292,-9.031611,uvit1,J022849d51m090153d8,SDSS J022849.51-090153.8,Seyfert_1
155.88583300000002,10.959722,uvit1,MRK 721,NGC  3217,RadioG
166.880125,13.786889000000002,uvit1,J110731d23p134712d8,SDSS J110731.23+134712.9,AGN_Candidate
211.228042,12.704689,uvit1,Mrk 803,[BKD2008] WR 336,PartofG
211.223833,12.721694,uvit1,UGC 9002,UGC  9002,GinPair
81.34375,24.2255,sxt,J0525+24,RX J0525.3+2413,CataclyV*
174.55375,12.111944,uvit1,MRK 743,NGC  3773,HII_G
185.3865,14.606167000000001,uvit1,NGC 4298,NGC  4298,GinPair
191.8,13.900356,uvit1,NGC 4689,0.0,0.0
168.950208,29.18825,uvit1,BCD_T3,SDSS J111551.41+291155.7,QSO
172.54725,44.25525,uvit1,BCD_T6,NVSS J113012+441543,Radio
182.681792,42.264225,uvit1,BCD_T7,0.0,0.0
197.749458,51.487233,uvit1,BCD_T8,0.0,0.0
80.48575,43.989444,uvit1,2MASSJ05215658+4359220,2MASS J05215658+4359220,RGB*
237.391917,70.348089,laxpc2,Blank Sky-8,0.0,0.0
201.696833,-47.479583,uvit1,NGC 5139,NGC  5139,GlCl
215.303333,-62.698333,sxt,2S 1417-624,4U 1416-62,HMXB
225.076875,-82.21369399999999,uvit1,IC 4499,IC 4499,GlCl
172.54725,44.25525,uvit1,BCD_T6,NVSS J113012+441543,Radio
182.681792,42.264225,uvit1,BCD_T7,0.0,0.0
191.28258300000002,45.44025,uvit1,Y CVn,V* Y CVn,C*
35.3775,39.366111,uvit1,arp 273,[T2015] nest 201849,PairG
241.110625,40.683042,uvit1,NGC 6058,NGC  6058,PN
197.749458,51.487233,uvit1,BCD_T8,0.0,0.0
197.20291699999999,-6.7775,uvit1,NGC 4981,NGC  4981,GinGroup
99.135417,35.595361,sxt,V647 Aur,V* V647 Aur,XB
99.135417,35.595361,sxt,V647 Aur,V* V647 Aur,XB
114.535292,38.882444,uvit1,NGC 2419,Cl* NGC 2419    BSS     159,BlueStraggler
129.684375,43.372275,uvit1,BCD_T2,TYC 2981-473-1,Star
237.391917,70.348089,laxpc2,Blank Sky-8,0.0,0.0
84.395425,-70.194733,uvit1,LMC-20,OGLE LMC-SC16 236301,RRLyr
85.45755600000001,-70.170906,uvit1,LMC-21,2MASS J05415075-7009394,LPV*
86.516968,-70.140823,uvit1,LMC-22,2MASS J05460021-7008211,LPV*
162.097917,-25.162056,uvit1,NGC 3393,[SUA2001] J104823.500-250942.98,Radio
83.331199,-70.212284,uvit1,LMC-19,OGLE LMC-LPV-68873,LPV*
82.265509,-70.223543,uvit1,LMC-18,OGLE LMC-SC3 233728,RRLyr
81.198998,-70.228499,uvit1,LMC-17,2MASS J05244964-7013275,LPV*
94.992575,-10.637417,uvit1,HD44179,HD  44179,post-AGB*
255.705667,-48.789667,laxpc1,GX339-4,V* V821 Ara,HMXB
211.591208,22.396254000000003,sxt,PG 1404+226,2MASX J14062191+2223462,Seyfert_1
193.051921,-13.41472,uvit1,NGC 4748,NGC  4748,Seyfert_1
191.8,13.900356,uvit1,NGC 4689,0.0,0.0
186.481667,18.213889,uvit1,NGC 4394,NGC  4394,GinPair
49.897333,-32.846167,uvit1,BMP19,CD-33  1173,Pec*
48.724083,-14.731889,uvit1,BMP40,LP  772-81,PM*
112.67270800000001,24.085167000000002,uvit1,BMP49,BD+24  1676,PM*
87.203075,-68.88940799999999,uvit1,LMC-71,HD 270171,Star
205.43575,47.690694,uvit1,BMP51,TYC 3466-1150-1,Pec*
258.537667,58.818389,uvit1,J171409d04p584906d2,UGC 10774,LINER
239.45416699999998,-54.415,laxpc2,2S 1553-542,2S 1553-542,HMXB
94.992575,-10.637417,uvit1,HD44179,HD  44179,post-AGB*
220.329917,7.792994,uvit1,LEDA 84268,LEDA   84268,Galaxy
287.442083,-63.857528,uvit1,NGC 6744,NGC  6744,GinGroup
272.68275,-27.963917,uvit1,AS281,EM* AS  281,Symbiotic*
274.281375,-56.02335600000001,laxpc2,QV Tel (HR 6819),HD 167128,Be*
272.462708,-27.766858000000003,uvit1,IRAS 18067-2746,IRAS 18067-2746,Em*
255.705754,-48.789767,sxt,GX339-4,V* V821 Ara,HMXB
246.416125,40.801167,uvit1,J162539d87p404804d2,2MASS J16253988+4048041,AGN
255.75426099999999,-48.604031,uvit1,gx339-4_1,0.0,0.0
255.98133199999998,-48.73965,uvit1,gx339-4_2,3FGL J1703.9-4843,gamma
255.899417,-48.972778999999996,uvit1,gx339-4_3,0.0,0.0
226.004975,10.437716,uvit1,PG 1501+106,Mrk  841,Seyfert_1
246.416125,40.801167,uvit1,J162539d87p404804d2,2MASS J16253988+4048041,AGN
241.382667,17.80725,uvit1,J160531d84p174826d1,2XMM J160531.8+174825,Seyfert_1
203.100833,11.106389,uvit1,MRK 789,Mrk  789,AGN
76.339345,-70.477508,uvit1,LMC-01,OGLE LMC-RRLYR-4565,RRLyr
77.41749899999999,-70.50125,uvit1,LMC-02,OGLE LMC-ECL-8900,EB*
138.603125,11.940417,uvit1,J091424d75p115625d5,2MASS J09142473+1156255,Seyfert_2
120.99983300000001,9.979667,uvit1,J080359d96p095846d8,2MASS J08035997+0958469,Seyfert_2
80.66219,-70.53416899999999,uvit1,LMC-05,OGLE LMC-ECL-14091,EB*
289.625,-60.498889,uvit1,VV 304,UCAC2   5473773,Star
81.744937,-70.53233900000001,uvit1,LMC-06,EROS2-star lm058-0m-14466,LPV*
